{"cameraMode":{"drawMode":0,"name":"Shaded","section":"Shading Mode"},"sceneLighting":false,"audioPlay":false,"sceneViewState":{"showFog":true,"showMaterialUpdate":false,"showSkybox":true,"showFlares":true,"showImageEffects":true,"showParticleSystems":true},"in2DMode":false,"pivot":{"x":438.23394775390627,"y":-356.91656494140627,"z":-270.55157470703127},"rotation":{"x":-0.2250402420759201,"y":-0.6681015491485596,"z":0.2232324630022049,"w":-0.6733213663101196},"size":334.1782531738281,"orthographic":false}