{"cameraMode":{"drawMode":0,"name":"Shaded","section":"Shading Mode"},"sceneLighting":false,"audioPlay":false,"sceneViewState":{"showFog":true,"showMaterialUpdate":false,"showSkybox":false,"showFlares":true,"showImageEffects":true,"showParticleSystems":true},"in2DMode":false,"pivot":{"x":3.9999990463256838,"y":4.7300004959106449,"z":3.9999990463256838},"rotation":{"x":0.14162719249725343,"y":0.39066407084465029,"z":-0.0609663762152195,"w":0.9075279831886292},"size":53.86678695678711,"orthographic":false}