{"cameraMode":{"drawMode":0,"name":"Shaded","section":"Shading Mode"},"sceneLighting":false,"audioPlay":false,"sceneViewState":{"showFog":true,"showMaterialUpdate":false,"showSkybox":true,"showFlares":true,"showImageEffects":true,"showParticleSystems":true},"in2DMode":false,"pivot":{"x":-53.346702575683597,"y":-272.474365234375,"z":-292.28619384765627},"rotation":{"x":0.07930990308523178,"y":-0.8937588930130005,"z":0.4055967628955841,"w":0.1748610883951187},"size":233.31407165527345,"orthographic":false}