{"cameraMode":{"drawMode":0,"name":"Shaded","section":"Shading Mode"},"sceneLighting":false,"audioPlay":false,"sceneViewState":{"showFog":true,"showMaterialUpdate":false,"showSkybox":false,"showFlares":true,"showImageEffects":true,"showParticleSystems":true},"in2DMode":false,"pivot":{"x":19.632736206054689,"y":1.9484333992004395,"z":-24.86421775817871},"rotation":{"x":0.2719361484050751,"y":0.6412856578826904,"z":-0.26093536615371706,"w":0.6684181690216065},"size":75.8423843383789,"orthographic":false}